{
    "loss": 1.6270983219146729,
    "accuracy": 0.8440514206886292
}