{
    "loss": 0.31647181510925293,
    "accuracy": 0.9510825872421265
}